web-scraper-order,web-scraper-start-url,Title,images-from-google-src
"1614775767-9","https://developers.google.com/speed/webp/gallery1","WebP Gallery","https://www.gstatic.com/webp/gallery/5.sm.jpg"
"1614775767-8","https://developers.google.com/speed/webp/gallery1","WebP Gallery","https://www.gstatic.com/webp/gallery/4.sm.webp"
"1614775767-2","https://developers.google.com/speed/webp/gallery1","WebP Gallery","https://www.gstatic.com/webp/gallery/1.sm.webp"
"1614775767-7","https://developers.google.com/speed/webp/gallery1","WebP Gallery","https://www.gstatic.com/webp/gallery/4.sm.jpg"
"1614775767-4","https://developers.google.com/speed/webp/gallery1","WebP Gallery","https://www.gstatic.com/webp/gallery/2.sm.webp"
"1614775767-5","https://developers.google.com/speed/webp/gallery1","WebP Gallery","https://www.gstatic.com/webp/gallery/3.sm.jpg"
"1614775767-3","https://developers.google.com/speed/webp/gallery1","WebP Gallery","https://www.gstatic.com/webp/gallery/2.sm.jpg"
"1614775767-6","https://developers.google.com/speed/webp/gallery1","WebP Gallery","https://www.gstatic.com/webp/gallery/3.sm.webp"
"1614775767-1","https://developers.google.com/speed/webp/gallery1","WebP Gallery","https://www.gstatic.com/webp/gallery/1.sm.jpg"
"1614775767-10","https://developers.google.com/speed/webp/gallery1","WebP Gallery","https://www.gstatic.com/webp/gallery/5.sm.webp"
